title,authors
Harry Potter and the Half-Blood Prince (Harry Potter  #6),J.K. Rowling/Mary GrandPré
Harry Potter and the Order of the Phoenix (Harry Potter  #5),J.K. Rowling/Mary GrandPré
Harry Potter and the Chamber of Secrets (Harry Potter  #2),J.K. Rowling
Harry Potter and the Prisoner of Azkaban (Harry Potter  #3),J.K. Rowling/Mary GrandPré
Harry Potter Boxed Set  Books 1-5 (Harry Potter  #1-5),J.K. Rowling/Mary GrandPré
Harry Potter Collection (Harry Potter  #1-6),J.K. Rowling
Harry Potter Schoolbooks Box Set: Two Classic Books from the Library of Hogwarts School of Witchcraft and Wizardry,J.K. Rowling
Harry Potter and the Half-Blood Prince (Harry Potter  #6),J.K. Rowling
Harry Potter Y La Piedra Filosofal (Harry Potter  #1),J.K. Rowling
Harry Potter and the Prisoner of Azkaban (Harry Potter  #3),J.K. Rowling
混血王子的背叛 (哈利波特  #6),J.K. Rowling/J.K.羅琳/皇冠編譯組/張定綺/彭倩文/趙丕慧/林靜華
火盃的考驗 (哈利波特  #4),J.K. Rowling/J.K.羅琳/彭倩文
Harry Potter y el misterio del príncipe (Harry Potter  #6),J.K. Rowling/Gemma Rovira Ortega
Harry Potter y la Orden del Fénix (Harry Potter  #5),J.K. Rowling
Harrius Potter et Philosophi Lapis,J.K. Rowling/Peter Needham
Harry Potter and the Chamber of Secrets (Harry Potter  #2),J.K. Rowling/Mary GrandPré
Harrius Potter et Camera Secretorum,J.K. Rowling/Peter Needham
Harry Potter and the Sorcerer's Stone (Harry Potter  #1),J.K. Rowling/Mary GrandPré
The Weimar Republic: The Crisis of Classical Modernity,Detlev J.K. Peukert/Richard Deveson
Fantastic Beasts and Where to Find Them (Hogwarts Library),Newt Scamander/J.K. Rowling
Harry Potter und die Kammer des Schreckens (Harry Potter  #2),J.K. Rowling
Harry Potter und der Gefangene von Askaban (Harry Potter  #3),J.K. Rowling/Rufus Beck
Harry Potter ve Sırlar Odası (Harry Potter  #2),J.K. Rowling/Sevin Okyay
Harry Potter und der Gefangene von Askaban (Harry Potter  #3),J.K. Rowling
Harry Potter and the Philosopher's Stone (Harry Potter  #1),J.K. Rowling
Harry Potter and the Goblet of Fire (Harry Potter  #4),J.K. Rowling
